{"count":1,"self":345.7480448,"total":1725.856712,"children":{"InitializeActuators":{"count":1,"self":0.001449,"total":0.001449,"children":null},"InitializeSensors":{"count":1,"self":0.0038789999999999996,"total":0.0068309999999999994,"children":{"CreateObservableSensors":{"count":1,"self":0.0029519999999999998,"total":0.0029519999999999998,"children":null}}},"AgentSendState":{"count":500034,"self":98.3347264,"total":219.69624399999998,"children":{"CollectObservations":{"count":500034,"self":8.104804,"total":8.104804,"children":null},"WriteActionMask":{"count":500034,"self":7.1819799999999994,"total":7.1819799999999994,"children":null},"RequestDecision":{"count":500034,"self":16.5169024,"total":106.074736,"children":{"AgentInfo.ToProto":{"count":500034,"self":15.782992,"total":89.557834,"children":{"GenerateSensorData":{"count":500034,"self":59.233728,"total":73.774841999999992,"children":{"RayPerceptionSensor.Perceive":{"count":500034,"self":14.541110399999999,"total":14.541110999999999,"children":null}}}}}}}}},"DecideAction":{"count":500034,"self":1036.2800128,"total":1036.279967,"children":null},"AgentAct":{"count":500034,"self":124.1232,"total":124.12320199999999,"children":null}},"gauges":{},"metadata":{"timer_format_version":"0.1.0","start_time_seconds":"1628010234","unity_version":"2021.1.15f1","command_line_arguments":"\/media\/vulgaris\/DATA\/UnityLibrary\/2021.1.15f1\/Editor\/Unity -projectpath \/media\/vulgaris\/DATA\/UnityLibrary\/Simple_Race\/RacingProject\/Simple_Race -useHub -hubIPC -cloudEnvironment production -hubSessionId 48ec58f0-f472-11eb-b97a-2d7fbd555bae -accessToken hI4wSGFszGCHxtrWlN1WdgUmmYtI5hOkWZWPfoO1WRM011f","communication_protocol_version":"1.5.0","com.unity.ml-agents_version":"2.1.0-exp.1","scene_name":"SampleScene","end_time_seconds":"1628011960"}}