{"count":1,"self":1214.4830464,"total":4747.453088,"children":{"InitializeActuators":{"count":16,"self":0.001893,"total":0.001893,"children":null},"InitializeSensors":{"count":16,"self":0.003991,"total":0.016538999999999998,"children":{"CreateObservableSensors":{"count":16,"self":0.012548,"total":0.012548,"children":null}}},"AgentSendState":{"count":501001,"self":169.50943999999998,"total":979.085604,"children":{"CollectObservations":{"count":4008016,"self":108.7801088,"total":108.78010599999999,"children":null},"WriteActionMask":{"count":4008016,"self":50.641731199999995,"total":50.641729999999995,"children":null},"RequestDecision":{"count":4008016,"self":112.9248896,"total":650.154327,"children":{"AgentInfo.ToProto":{"count":4008016,"self":110.53320959999999,"total":537.229443,"children":{"GenerateSensorData":{"count":4008016,"self":426.69621759999995,"total":426.69622999999996,"children":null}}}}}}},"DecideAction":{"count":501001,"self":2365.8790912,"total":2365.879047,"children":null},"AgentAct":{"count":501001,"self":168.5325696,"total":168.532569,"children":null},"CreateObservableSensors":{"count":30061,"self":18.1060496,"total":18.106049,"children":null},"AgentInfo.ToProto":{"count":9098,"self":0.29872899999999997,"total":1.3474119999999998,"children":{"GenerateSensorData":{"count":9098,"self":1.048683,"total":1.048683,"children":null}}}},"gauges":{"Race.CumulativeReward":{"count":9098,"max":1281.2373,"min":-26.76977,"runningAverage":316.395782,"value":144.056046,"weightedAverage":221.727661}},"metadata":{"timer_format_version":"0.1.0","start_time_seconds":"1632264867","unity_version":"2021.1.15f1","command_line_arguments":"\/media\/vulgaris\/DATA\/UnityLibrary\/2021.1.15f1\/Editor\/Unity -projectpath \/media\/vulgaris\/DATA\/UnityLibrary\/Simple_Race\/RacingProject\/Simple_Race -useHub -hubIPC -cloudEnvironment production -hubSessionId c81aca20-1ae3-11ec-a971-97e5f074c4bf -accessToken 8tjhEehqOS4P98S1jwHo_0WRrR7QoNAdT_uOwqFW_oE011f","communication_protocol_version":"1.5.0","com.unity.ml-agents_version":"2.1.0-exp.1","scene_name":"SampleScene","end_time_seconds":"1632269615"}}